Email ID,Username,Password,Age,Availability,Interests,Location
volunteer1@example.com,Volunteer1,pass1,39,Apr-Jun,Mentoring and Tutoring,Lonavala
volunteer2@example.com,Volunteer2,pass2,27,Oct-Dec,Mentoring and Tutoring,Mumbai
volunteer3@example.com,Volunteer3,pass3,29,Oct-Dec,Social Media and Content Creation,Mumbai
volunteer4@example.com,Volunteer4,pass4,22,Oct-Dec,Event Planning and Management,Lonavala
volunteer5@example.com,Volunteer5,pass5,39,Oct-Dec,Mentoring and Tutoring,Pune
volunteer6@example.com,Volunteer6,pass6,38,Jul-Sep,Mentoring and Tutoring,Mumbai
volunteer7@example.com,Volunteer7,pass7,55,Oct-Dec,Event Planning and Management,Mumbai
volunteer8@example.com,Volunteer8,pass8,44,Apr-Jun,Mentoring and Tutoring,Lonavala
volunteer9@example.com,Volunteer9,pass9,52,Jul-Sep,Fundraising and Donor Relations,Lonavala
volunteer10@example.com,Volunteer10,pass10,25,Apr-Jun,Social Media and Content Creation,Pune
volunteer11@example.com,Volunteer11,pass11,29,Oct-Dec,Social Media and Content Creation,Thane
volunteer12@example.com,Volunteer12,pass12,43,Jul-Sep,Fundraising and Donor Relations,Pune
volunteer13@example.com,Volunteer13,pass13,18,Apr-Jun,Social Media and Content Creation,Mumbai
volunteer14@example.com,Volunteer14,pass14,53,Jan-Mar,Fundraising and Donor Relations,Pune
volunteer15@example.com,Volunteer15,pass15,60,Jan-Mar,Social Media and Content Creation,Pune
volunteer16@example.com,Volunteer16,pass16,30,Apr-Jun,Mentoring and Tutoring,Thane
volunteer17@example.com,Volunteer17,pass17,44,Jan-Mar,Social Media and Content Creation,Thane
volunteer18@example.com,Volunteer18,pass18,39,Jul-Sep,Social Media and Content Creation,Thane
volunteer19@example.com,Volunteer19,pass19,31,Oct-Dec,Event Planning and Management,Pune
volunteer20@example.com,Volunteer20,pass20,43,Apr-Jun,Event Planning and Management,Pune
volunteer21@example.com,Volunteer21,pass21,44,Jul-Sep,Event Planning and Management,Thane
volunteer22@example.com,Volunteer22,pass22,49,Jan-Mar,Event Planning and Management,Pune
volunteer23@example.com,Volunteer23,pass23,51,Oct-Dec,Mentoring and Tutoring,Pune
volunteer24@example.com,Volunteer24,pass24,60,Jul-Sep,Fundraising and Donor Relations,Thane
volunteer25@example.com,Volunteer25,pass25,39,Jul-Sep,Event Planning and Management,Pune
volunteer26@example.com,Volunteer26,pass26,52,Jan-Mar,Social Media and Content Creation,Pune
volunteer27@example.com,Volunteer27,pass27,41,Jan-Mar,Event Planning and Management,Thane
volunteer28@example.com,Volunteer28,pass28,45,Apr-Jun,Social Media and Content Creation,Pune
volunteer29@example.com,Volunteer29,pass29,56,Apr-Jun,Fundraising and Donor Relations,Mumbai
volunteer30@example.com,Volunteer30,pass30,24,Apr-Jun,Mentoring and Tutoring,Lonavala
volunteer31@example.com,Volunteer31,pass31,52,Oct-Dec,Fundraising and Donor Relations,Lonavala
volunteer32@example.com,Volunteer32,pass32,18,Apr-Jun,Event Planning and Management,Mumbai
volunteer33@example.com,Volunteer33,pass33,25,Jan-Mar,Mentoring and Tutoring,Lonavala
volunteer34@example.com,Volunteer34,pass34,24,Apr-Jun,Fundraising and Donor Relations,Mumbai
volunteer35@example.com,Volunteer35,pass35,51,Jan-Mar,Fundraising and Donor Relations,Mumbai
volunteer36@example.com,Volunteer36,pass36,52,Apr-Jun,Fundraising and Donor Relations,Lonavala
volunteer37@example.com,Volunteer37,pass37,21,Jul-Sep,Event Planning and Management,Pune
volunteer38@example.com,Volunteer38,pass38,49,Jan-Mar,Social Media and Content Creation,Pune
volunteer39@example.com,Volunteer39,pass39,47,Jan-Mar,Event Planning and Management,Lonavala
volunteer40@example.com,Volunteer40,pass40,21,Apr-Jun,Event Planning and Management,Mumbai
volunteer41@example.com,Volunteer41,pass41,45,Apr-Jun,Mentoring and Tutoring,Lonavala
volunteer42@example.com,Volunteer42,pass42,24,Apr-Jun,Mentoring and Tutoring,Lonavala
volunteer43@example.com,Volunteer43,pass43,53,Apr-Jun,Mentoring and Tutoring,Pune
volunteer44@example.com,Volunteer44,pass44,48,Jan-Mar,Social Media and Content Creation,Pune
volunteer45@example.com,Volunteer45,pass45,42,Apr-Jun,Event Planning and Management,Thane
volunteer46@example.com,Volunteer46,pass46,52,Apr-Jun,Mentoring and Tutoring,Mumbai
volunteer47@example.com,Volunteer47,pass47,49,Oct-Dec,Event Planning and Management,Mumbai
volunteer48@example.com,Volunteer48,pass48,38,Jul-Sep,Event Planning and Management,Mumbai
volunteer49@example.com,Volunteer49,pass49,48,Jul-Sep,Fundraising and Donor Relations,Lonavala
volunteer50@example.com,Volunteer50,pass50,33,Jul-Sep,Event Planning and Management,Thane
